"radius","dimension","heads","ffn","seed","source","bleu1","bleu2","bleu3","bleu4","rouge","loss","trainable_parameters","elapsed_seconds"
"2","80","2","160","0","new","53.50775390367349","41.25576616372927","33.535230092553554","28.196441388800444","52.88945934261255","22.69439499502237","135618","13200.946246862411"
"2","80","4","160","0","new","53.52030315229774","41.299015730722104","33.55927238899199","28.197585825613153","52.915450111095254","22.6963659271684","135618","12578.880663871765"
"2","80","8","160","0","new","53.50489755525808","41.23637666137431","33.47792782043699","28.13277334315323","52.92719545805343","22.694407456642402","135618","12617.161659955978"
"2","96","2","192","0","new","53.47231430983012","41.25451693487983","33.53818340656142","28.16905848887399","52.84008333070982","22.66952949905901","174722","11014.416634559631"
"2","96","4","192","0","new","53.40706321736336","41.18979122798504","33.526631129146644","28.20931864380362","52.81570684221971","22.69847565297906","174722","12872.000581979752"
"2","96","8","192","0","new","53.44844490798556","41.16345065377848","33.44764170476475","28.090779002759415","52.87949574232309","22.71094808614093","174722","8150.9071044921875"
"2","112","2","224","0","new","53.74436190085614","41.34990135303993","33.582009247650205","28.174758153575024","53.08116739494317","22.686815962568645","217922","16521.317110061646"
"2","112","4","224","0","new","53.33139188115829","41.171905967764935","33.53697367102891","28.257295875971487","52.964190439327616","22.68347377854046","217922","13065.63106584549"
"2","112","8","224","0","new","53.196089242436194","40.94794445438014","33.342678904008466","28.119362710240235","52.83982805133219","22.67259602435292","217922","12931.815158843994"
"4","80","2","160","0","new","53.619504773826655","41.26463159867437","33.50527371924333","28.11363446246042","52.856652344506635","22.687633123586174","135618","9798.117500782013"
"4","80","4","160","0","reused","53.516514756314656","41.25643557944972","33.57049982055629","28.205042545594974","52.857974969311826","22.69154532227902","135618","8228.476548194885"
"4","80","8","160","0","new","53.74742298440384","41.378353917503375","33.5950607313673","28.217175227888976","52.95673634197553","22.665423508898602","135618","11347.524994850159"
"4","96","2","192","0","reused","53.4827583620537","41.23128193668287","33.56007257450753","28.229645192665412","52.741294452635486","22.66891110098431","174722","9865.049522638321"
"4","96","4","192","0","reused","53.66849785976075","41.35236783135882","33.64519671188804","28.309255631973688","52.947760292370425","22.653271750850255","174722","9547.580845117569"
"4","96","8","192","0","new","53.66818287713948","41.42858397456321","33.71890095216698","28.385336808106107","52.97124156773959","22.650412040868478","174722","12781.02169251442"
"4","112","2","224","0","new","53.50950057344972","41.2273321416651","33.51880247053312","28.177521925880686","52.862143800452586","22.688470568730423","217922","10740.656049489975"
"4","112","4","224","0","new","53.536032034116396","41.25228032158971","33.475628505481275","28.11856239696405","52.92830939030202","22.660364331882125","217922","12370.909585952759"
"4","112","8","224","0","new","53.579240615284085","41.267980873348804","33.571100189906886","28.22828635062039","52.89168987604207","22.65506105610171","217922","12299.944578170776"
"8","80","2","160","0","new","53.418610651089004","41.14327882398965","33.43030099339586","28.067020274167486","52.863578866543314","22.705185528435457","135618","8629.408277511597"
"8","80","4","160","0","new","53.313794390728226","41.1183157870076","33.45356472005285","28.09669135292122","52.82818447333833","22.69247392710004","135618","14267.456023931503"
"8","80","8","160","0","new","53.418610651089004","41.14327882398965","33.47056880032164","28.11452411155586","52.753894100877","22.69034407783106","135618","10601.469120979309"
"8","96","2","192","0","reused","53.45945056748892","41.23529445408786","33.52045412336285","28.153325779034315","52.94004813667542","22.713321503703995","174722","6208.323354482651"
"8","96","4","192","0","reused","53.47206616886939","41.269052365491035","33.55547687888738","28.183488299277617","52.94856093761355","22.713420510119786","174722","6145.916714429855"
"8","96","8","192","0","new","53.43189281556936","41.215244485497564","33.50173797323301","28.141776270034235","52.92133047695861","22.713359388599965","174722","8781.148792982101"
"8","112","2","224","0","new","53.56174938532966","41.29136964223306","33.57043179104329","28.17209152489759","52.82813910348211","22.692078314190425","217922","8833.496953964233"
"8","112","4","224","0","new","53.225525568116176","40.99970590772558","33.35206544314954","28.036500042947498","52.99667432686215","22.71174220824058","217922","13566.409573316574"
"8","112","8","224","0","new","53.67592574475999","41.23310780521332","33.44743221141342","28.05657390967924","53.03727811182084","22.6386546465588","217922","11606.776669979095"
